{"max_iou": 1.0, "min_iou": 0.640473963205488, "avg_iou": 0.9164582926913002}